{"HomeA": [4651.0, 3888.0, 223.0, 0], "HomeB": [1900.0, 0, 223.0, -1.5707963267948966], "HomeC": [0, 1928.0, 223.0, 3.141592653589793], "HomeD": [500.0, 8000, 223.0, 1.5707963267948966], "HomeE": [7301.0, 4169.0, 223.0, 0], "EnemyA": [7499.0, 4169.0, 223.0, 3.141592653589793], "EnemyB": [10100.0, 8000, 223.0, 1.5707963267948966], "EnemyC": [12000, 6128.0, 223.0, 0], "EnemyD": [11500.0, 0, 223.0, -1.5707963267948966], "EnemyE": [4774, 3888.0, 223.0, 3.141592653589793]}